LevelId,Filename,Area_Name,Name,Pos,Rotate,DestinationLevel
150101,hub_001,Cinnamon Mountain,Hub1ToHub2Triigger,"445.98569,372.68784,84.588516","0.98480773,0,0,-0.17364818",150201
150101,hub_001,Cinnamon Mountain,MHPlayerSpawnPoint_FromNewbie,"394.02637,370.45035,88.174324","0.99144489,0,0,-0.13052617",
150101,hub_001,Cinnamon Mountain,EntryPointFromVillage,"372.43442,368.92905,89.42038","0.69465828,0,0,-0.71933991",
150101,hub_001,Cinnamon Mountain,MHPlayerSpawnPoint_ProtectDefault,"394.03256,370.48151,88.124695","0.99144489,0,0,-0.13052619",
150101,hub_001,Cinnamon Mountain,EntryPointFromHub01,"404.53613,396.77765,84.06369","0.13052619,0,0,0.99144489",
150101,hub_001,Cinnamon Mountain,HubToVillageTrigger,"359.80011,373.94254,89.426697","0.97629601,0,0,-0.21643962",180101
150101,hub_001,Cinnamon Mountain,EntryPointFromHub2,"431.55576,378.61368,84.615326","0.84339154,0,0,0.53729951",
